--insert categories
INSERT INTO CATEGORIES (ID, NAME) VALUES (1, 'CLOTHES');
INSERT INTO CATEGORIES (ID, NAME) VALUES (2, 'FOOD');
INSERT INTO CATEGORIES (ID, NAME) VALUES (3, 'DRINK');

--insert products
INSERT INTO PRODUCTS (ID, DESCRIPTION, LEAD_TIME, NAME, PRICE, AVERAGE_RATE) VALUES (1, 'Dünya markası Tonya tereyağı', 14, 'Tonya Tereyağı', 61.0, 0.0);
INSERT INTO PRODUCTS (ID, DESCRIPTION, LEAD_TIME, NAME, PRICE, AVERAGE_RATE) VALUES (2, 'Dünya markası Akçaabat Köfte', 2, 'Akçaabat Köfte', 60.0, 0.0);
INSERT INTO PRODUCTS (ID, DESCRIPTION, LEAD_TIME, NAME, PRICE, AVERAGE_RATE) VALUES (3, 'Test description3', 3, 'Test name3', 3.0, 0.0);
INSERT INTO PRODUCTS (ID, DESCRIPTION, LEAD_TIME, NAME, PRICE, AVERAGE_RATE) VALUES (4, 'Test description4', 4, 'Test name4', 45.0, 0.0);
INSERT INTO PRODUCTS (ID, DESCRIPTION, LEAD_TIME, NAME, PRICE, AVERAGE_RATE) VALUES (5, 'Test description5', 5, 'Test name5', 55.0, 0.0);
INSERT INTO PRODUCTS (ID, DESCRIPTION, LEAD_TIME, NAME, PRICE, AVERAGE_RATE) VALUES (6, 'Test description6', 6, 'Test name6', 65.0, 0.0);
INSERT INTO PRODUCTS (ID, DESCRIPTION, LEAD_TIME, NAME, PRICE, AVERAGE_RATE) VALUES (7, 'Test description7', 7, 'Test name7', 75.0, 0.0);
INSERT INTO PRODUCTS (ID, DESCRIPTION, LEAD_TIME, NAME, PRICE, AVERAGE_RATE) VALUES (8, 'Test description8', 8, 'Test name8', 85.0, 0.0);
INSERT INTO PRODUCTS (ID, DESCRIPTION, LEAD_TIME, NAME, PRICE, AVERAGE_RATE) VALUES (9, 'Test description9', 9, 'Test name9', 95.0, 0.0);
INSERT INTO PRODUCTS (ID, DESCRIPTION, LEAD_TIME, NAME, PRICE, AVERAGE_RATE) VALUES (10, 'Test description10', 10, 'Test name10', 15.0, 0.0);


--insert product_categories
INSERT INTO PRODUCT_CATEGORIES (PRODUCT_ID, CATEGORY_ID) VALUES (1,2);
INSERT INTO PRODUCT_CATEGORIES (PRODUCT_ID, CATEGORY_ID) VALUES (2,2);
INSERT INTO PRODUCT_CATEGORIES (PRODUCT_ID, CATEGORY_ID) VALUES (3,3);
INSERT INTO PRODUCT_CATEGORIES (PRODUCT_ID, CATEGORY_ID) VALUES (4,2);
INSERT INTO PRODUCT_CATEGORIES (PRODUCT_ID, CATEGORY_ID) VALUES (5,3);
INSERT INTO PRODUCT_CATEGORIES (PRODUCT_ID, CATEGORY_ID) VALUES (6,1);
INSERT INTO PRODUCT_CATEGORIES (PRODUCT_ID, CATEGORY_ID) VALUES (7,1);
INSERT INTO PRODUCT_CATEGORIES (PRODUCT_ID, CATEGORY_ID) VALUES (8,2);
INSERT INTO PRODUCT_CATEGORIES (PRODUCT_ID, CATEGORY_ID) VALUES (9,3);
INSERT INTO PRODUCT_CATEGORIES (PRODUCT_ID, CATEGORY_ID) VALUES (10,1);

